,parameter,LR,RFC
0,score,0.098,0.164
1,recall_no,0.0419373892498523,0.11183303799960623
2,precision_yes,0.0606177606177606,0.06507772020725389
