,parameter,LR,RFC
0,score,0.608,0.608
1,recall_no,0.5944083481000196,0.594999015554243
2,precision_yes,0.1124515295131408,0.11029411764705882
