,parameter,LR,RFC
0,score,0.609,0.624
1,recall_no,0.5951959047056508,0.6117345934239024
2,precision_yes,0.1118790496760259,0.11529834006280844
