,parameter,LR
0,score,0.609
1,recall_no,0.5951959047056508
2,precision_yes,0.11187904967602592
