,parameter,LR
0,score,0.098
1,recall_no,0.04193738924985233
2,precision_yes,0.06061776061776062
