,parameter,LR
0,score,0.608
1,recall_no,0.5944083481000196
2,precision_yes,0.11245152951314089
