,parameter,RFC
0,score,0.608
1,recall_no,0.594999015554243
2,precision_yes,0.11029411764705882
