,parameter,RFC
0,score,0.164
1,recall_no,0.11183303799960623
2,precision_yes,0.06507772020725389
