,parameter,RFC
0,score,0.624
1,recall_no,0.6117345934239024
2,precision_yes,0.11529834006280844
